[
  {
    "id": "284b1344-9024-46dd-a517-0ff44cbec15c",
    "data": [
      {
        "text": "could you order me pizza on mobile number of ",
        "userDefined": false
      },
      {
        "text": "9158577551",
        "meta": "@sys.phone-number",
        "alias": "phone-number",
        "userDefined": true
      }
    ],
    "isTemplate": false,
    "count": 0,
    "lang": "en",
    "updated": 0
  },
  {
    "id": "a49e553a-87f8-4f8b-96f6-c85906ecad8d",
    "data": [
      {
        "text": "could you order me a pizza to the mailid ",
        "userDefined": false
      },
      {
        "text": "sdjangam71@gmail.com",
        "meta": "@sys.email",
        "alias": "email",
        "userDefined": true
      }
    ],
    "isTemplate": false,
    "count": 0,
    "lang": "en",
    "updated": 0
  },
  {
    "id": "6736839d-02d6-4398-b606-7705aa254c64",
    "data": [
      {
        "text": "order me pizza",
        "userDefined": false
      }
    ],
    "isTemplate": false,
    "count": 0,
    "lang": "en",
    "updated": 0
  },
  {
    "id": "82cefc1c-6a88-40ae-b639-37edf6558825",
    "data": [
      {
        "text": "please order me a pizza",
        "userDefined": false
      }
    ],
    "isTemplate": false,
    "count": 0,
    "lang": "en",
    "updated": 0
  }
]