[
  {
    "id": "b8dc1ea0-dddb-4d20-8cdd-3b3dd36047a1",
    "data": [
      {
        "text": "go to site",
        "userDefined": false
      }
    ],
    "isTemplate": false,
    "count": 0,
    "updated": 0
  },
  {
    "id": "406ca268-8bf1-4605-a753-7d2675f8cde2",
    "data": [
      {
        "text": "get me to site",
        "userDefined": false
      }
    ],
    "isTemplate": false,
    "count": 0,
    "updated": 0
  },
  {
    "id": "4e3ebec1-b5d8-4df3-a543-0511d9569aff",
    "data": [
      {
        "text": "Navigate to site",
        "userDefined": false
      }
    ],
    "isTemplate": false,
    "count": 0,
    "updated": 0
  }
]