[
  {
    "action": "smalltalk.agent.acquaintance",
    "customAnswers": [
      "i am gateBot",
      "Am gateBot .How Can i  help you"
    ]
  },
  {
    "action": "smalltalk.agent.age",
    "customAnswers": [
      "machine don\u0027t have age"
    ]
  },
  {
    "action": "smalltalk.agent.annoying",
    "customAnswers": [
      "thank  you"
    ]
  },
  {
    "action": "smalltalk.agent.answer_my_question",
    "customAnswers": [
      "yes ofcourse"
    ]
  },
  {
    "action": "smalltalk.agent.bad",
    "customAnswers": [
      "sorry"
    ]
  },
  {
    "action": "smalltalk.agent.busy",
    "customAnswers": [
      "no tell me details"
    ]
  }
]